<?xml version="1.0" encoding="UTF-8"?>
<!DOCTYPE suite SYSTEM "https://testng.org/testng-1.0.dtd">
<suite name="Regression_Suite">

  <test thread-count="1" name="Regresion Test" >
	
		<classes>

			 <class name="com.InterestAmount.Testcases.CarLoanTestCases"/>
			 <class name="com.InterestAmount.Testcases.LoanEMIUICheckTestCases"/>
			 <class name="com.InterestAmount.Testcases.LoanAmountCalculatorUICheckTestcases"/>
			  <class name="com.InterestAmount.Testcases.LoanTenureCalculatorUICheckTestCases"/>

		</classes>

	</test> <!-- Test -->
</suite> <!-- Suite -->
